{
    "LC":-10,
    "q1":0.00125,
    "q2":0.0001,
    "q3":2005,
    "q4":0.0000001,
    "linear_velocity":4
}